<?xml version="1.0" encoding="UTF-8"?>
<project-private xmlns="http://www.netbeans.org/ns/project-private/1">
    <editor-bookmarks xmlns="http://www.netbeans.org/ns/editor-bookmarks/2" lastBookmarkId="0"/>
    <open-files xmlns="http://www.netbeans.org/ns/projectui-open-files/2">
        <group>
            <file>file:/C:/Users/Arn%20Bonch/Documents/NetBeansProjects/JavaGame-master/src/javaapplication1/BattleScreen.java</file>
            <file>file:/C:/Users/Arn%20Bonch/Documents/NetBeansProjects/JavaGame-master/src/javaapplication1/Runner.java</file>
            <file>file:/C:/Users/Arn%20Bonch/Documents/NetBeansProjects/JavaGame-master/src/javaapplication1/Rat.png</file>
            <file>file:/C:/Users/Arn%20Bonch/Documents/NetBeansProjects/JavaGame-master/src/javaapplication1/Hero%20(Facing%20Right).png</file>
            <file>file:/C:/Users/Arn%20Bonch/Documents/NetBeansProjects/JavaGame-master/src/javaapplication1/Hero%20(Facing%20Left).png</file>
            <file>file:/C:/Users/Arn%20Bonch/Documents/NetBeansProjects/JavaGame-master/src/javaapplication1/Hero%20(Back).png</file>
            <file>file:/C:/Users/Arn%20Bonch/Documents/NetBeansProjects/JavaGame-master/src/javaapplication1/Earth%20Elemental.png</file>
            <file>file:/C:/Users/Arn%20Bonch/Documents/NetBeansProjects/JavaGame-master/src/javaapplication1/Fire%20Elemental.png</file>
            <file>file:/C:/Users/Arn%20Bonch/Documents/NetBeansProjects/JavaGame-master/src/javaapplication1/Hero%20(Front).png</file>
            <file>file:/C:/Users/Arn%20Bonch/Documents/NetBeansProjects/JavaGame-master/src/javaapplication1/Archer.png</file>
            <file>file:/C:/Users/Arn%20Bonch/Documents/NetBeansProjects/JavaGame-master/src/javaapplication1/Bat.png</file>
            <file>file:/C:/Users/Arn%20Bonch/Documents/NetBeansProjects/JavaGame-master/src/javaapplication1/Ghost.png</file>
            <file>file:/C:/Users/Arn%20Bonch/Documents/NetBeansProjects/JavaGame-master/src/javaapplication1/Slime.png</file>
            <file>file:/C:/Users/Arn%20Bonch/Documents/NetBeansProjects/JavaGame-master/src/javaapplication1/Dark%20Mage.png</file>
            <file>file:/C:/Users/Arn%20Bonch/Documents/NetBeansProjects/JavaGame-master/src/javaapplication1/Dragon.png</file>
            <file>file:/C:/Users/Arn%20Bonch/Documents/NetBeansProjects/JavaGame-master/src/javaapplication1/Player.java</file>
            <file>file:/C:/Users/Arn%20Bonch/Documents/NetBeansProjects/JavaGame-master/src/javaapplication1/heroarki.png</file>
            <file>file:/C:/Users/Arn%20Bonch/Documents/NetBeansProjects/JavaGame-master/src/javaapplication1/background%20(2).png</file>
        </group>
    </open-files>
</project-private>
